Title,Year,Rated,Released,Runtime,Genre,Director,Writer,Actors,Plot,Language,Country,Awards,Poster,Metascore,imdbRating,imdbVotes,imdbID,Type,DVD,BoxOffice,Production,Website,Response,Rating_InternetMovieDatabase,Rating_RottenTomatoes,Rating_Metacritic,Season,Episode,seriesID,Error
Men in Black,1934,Passed,28 Sep 1934,19 min,"Comedy, Short",Ray McCarey,Felix Adler,"Moe Howard, Larry Fine, Curly Howard",The stooges become doctors at a large hospital where they disrupt patients and staff alike.,English,United States,Nominated for 1 Oscar. 1 nomination total,https://m.media-amazon.com/images/M/MV5BMDYxODcwN2ItMjU2Yy00NDJhLTgzNTQtOGNhN2YyYmZkZWM5XkEyXkFqcGdeQXVyMDMxMjQwMw@@._V1_SX300.jpg,N/A,7.7,"1,446",tt0025488,movie,N/A,N/A,N/A,N/A,True,7.7/10,,,,,,
Men in Black,1997,PG-13,02 Jul 1997,98 min,"Action, Adventure, Comedy",Barry Sonnenfeld,"Lowell Cunningham, Ed Solomon","Tommy Lee Jones, Will Smith, Linda Fiorentino","James, an NYC cop, is hired by Agent K of a secret government agency that monitors extraterrestrial life on Earth. Together, they must recover an item that has been stolen by an intergalactic villain.","English, Spanish",United States,Won 1 Oscar. 23 wins & 39 nominations total,https://m.media-amazon.com/images/M/MV5BZmQ0YTdhYzEtMjIxZC00MGFiLTlmNjktZmFlOWE2M2QxOTRhXkEyXkFqcGc@._V1_SX300.jpg,72,7.3,"652,744",tt0119654,movie,N/A,"$250,690,539",N/A,N/A,True,7.3/10,91%,72/100,,,,
Face/Off,1997,R,27 Jun 1997,138 min,"Action, Crime, Sci-Fi",John Woo,"Mike Werb, Michael Colleary","John Travolta, Nicolas Cage, Joan Allen","To foil a terrorist plot, an FBI agent assumes the identity of the criminal who murdered his son via facial transplant surgery, but the crook wakes up prematurely and vows revenge.","English, Latin",United States,Nominated for 1 Oscar. 11 wins & 23 nominations total,https://m.media-amazon.com/images/M/MV5BOGQyOWNmYTgtZWY0NS00NzhjLTg3NmMtMzcwYzQ2OTA2OTJkXkEyXkFqcGc@._V1_SX300.jpg,82,7.3,"420,847",tt0119094,movie,N/A,"$112,276,146",N/A,N/A,True,7.3/10,93%,82/100,,,,
Head Above Water,2017,N/A,05 Oct 2017,11 min,"Short, Drama, Family",Eric Shahinian,"Maya Huang, Eric Shahinian","Anne-Marie Agbodji, Rose Hanish, Alecia Hurst",A devoted husband is forced to confront his doubts about remaining the caretaker of his wife suffering from Alzheimer's disease.,English,United States,7 wins & 3 nominations,https://m.media-amazon.com/images/M/MV5BZDgxYTU0MDMtNDczOC00YzY2LTgwM2MtM2E4Y2ZlMThkNjgyXkEyXkFqcGdeQXVyMjQ5MzUxMzA@._V1_SX300.jpg,N/A,7.9,18,tt5651188,movie,N/A,N/A,N/A,N/A,True,7.9/10,,,,,,
Head Above Water,1996,PG-13,25 Jun 1997,92 min,"Comedy, Thriller",Jim Wilson,"Eirik Ildahl, Geir Eriksen, Theresa Marie","Harvey Keitel, Cameron Diaz, Craig Sheffer","A prominent judge, his wife, her ex-lover, and their neighbor encounter a dead body that complicates their lives.",English,United States,1 win & 1 nomination total,https://m.media-amazon.com/images/M/MV5BZDU0MTY1MzAtYzUzOC00ZTdlLTg2NGYtODFmYjQyZDE2Y2YyXkEyXkFqcGc@._V1_SX300.jpg,N/A,6.0,"8,553",tt0116502,movie,03 Apr 2007,"$32,212",N/A,N/A,True,6.0/10,,,,,,
Head Above Water,2018,N/A,10 Feb 2018,54 min,Comedy,Connor Fairclough,Connor Fairclough,"Christopher Stollery, Indigo Felton, Nicolette Minster",A fictional documentary following the craziest rivalry in Australian surfing history.,English,Australia,N/A,https://m.media-amazon.com/images/M/MV5BYTNjN2Q0ZWMtZWIyNy00MzU2LWE1ZDQtODllNDg0NDU3NDQyXkEyXkFqcGc@._V1_SX300.jpg,N/A,6.1,57,tt4241778,movie,N/A,N/A,N/A,N/A,True,6.1/10,,,,,,
My Best Friend's Wedding,1997,PG-13,20 Jun 1997,105 min,"Comedy, Drama, Romance",P.J. Hogan,Ron Bass,"Julia Roberts, Dermot Mulroney, Cameron Diaz","When a woman's long-time friend reveals he's engaged, she realizes she loves him herself and sets out to get him, with only days before the wedding.","English, French, Italian",United States,Nominated for 1 Oscar. 12 wins & 24 nominations total,https://m.media-amazon.com/images/M/MV5BNzhlZjE4NTYtZDBlOC00NTAwLWFmMTQtMWVjNDQwZGI1MjViXkEyXkFqcGc@._V1_SX300.jpg,51,6.4,"162,542",tt0119738,movie,N/A,"$127,120,029",N/A,N/A,True,6.4/10,74%,51/100,,,,
Batman & Robin,1997,PG-13,20 Jun 1997,125 min,"Action, Sci-Fi",Joel Schumacher,"Bob Kane, Akiva Goldsman","Arnold Schwarzenegger, George Clooney, Chris O'Donnell",Batman and Robin try to keep their relationship together even as they must stop Mr. Freeze and Poison Ivy from freezing Gotham City.,English,"United States, United Kingdom",10 wins & 22 nominations total,https://m.media-amazon.com/images/M/MV5BYzU3ZjE3M2UtM2E4Ni00MDI5LTkyZGUtOTFkMGIyYjNjZGU3XkEyXkFqcGc@._V1_SX300.jpg,29,3.8,"278,703",tt0118688,movie,N/A,"$107,353,792",N/A,N/A,True,3.8/10,11%,29/100,,,,
Addicted to Love,1997,R,23 May 1997,100 min,"Comedy, Romance",Griffin Dunne,Robert Gordon,"Meg Ryan, Matthew Broderick, Kelly Preston","Maggie's and Sam's former partners are in love; she wants revenge and he wants his lost love back, so they work together to break up the happy couple.","English, French",United States,1 nomination,https://m.media-amazon.com/images/M/MV5BNjMwZjhiYTYtNjc5My00NTRhLTg0NWItMTk4MDJhNzcxNDRkXkEyXkFqcGc@._V1_SX300.jpg,49,6.1,"26,026",tt0118556,movie,N/A,"$34,673,095",N/A,N/A,True,6.1/10,53%,49/100,,,,
That Old Feeling,1997,PG-13,04 Apr 1997,105 min,"Comedy, Romance",Carl Reiner,Leslie Dixon,"Bette Midler, Dennis Farina, Paula Marshall",A bride's divorced parents find their old feelings for each other during the wedding reception and over the course of the next few days upsetting the newlywed's honeymoon.,English,United States,2 nominations total,https://m.media-amazon.com/images/M/MV5BNjg0ZTg5NTUtMWU4MC00MGYyLTlmODMtYmExMjBiYjJhNWIxXkEyXkFqcGc@._V1_SX300.jpg,N/A,6.1,"4,181",tt0120318,movie,N/A,"$16,574,176",N/A,N/A,True,6.1/10,38%,,,,,
The Saint,1997,PG-13,04 Apr 1997,116 min,"Action, Adventure, Romance",Phillip Noyce,"Leslie Charteris, Jonathan Hensleigh, Wesley Strick","Val Kilmer, Elisabeth Shue, Rade Serbedzija","Simon ""The Saint"" Templar (Val Kilmer) is a thief for hire whose latest job to steal the secret process for cold fusion puts him at odds with a traitor bent on toppling the Russian government, as well as the woman who holds its se...","English, Russian",United States,1 win & 2 nominations total,https://m.media-amazon.com/images/M/MV5BNzFiY2VmYmMtZWM4Yi00OWJiLTgxNGUtZjJlYjc2NGU0YmQ4XkEyXkFqcGc@._V1_SX300.jpg,50,6.2,"76,221",tt0120053,movie,N/A,"$61,363,304",N/A,N/A,True,6.2/10,30%,50/100,,,,
The Saint,2017,Not Rated,11 Jul 2017,91 min,"Action, Adventure, Crime",Ernie Barbarash,"Leslie Charteris, Jesse Alexander, Tony Giglio","Adam Rayner, Eliza Dushku, Ian Ogilvy","International master thief, Simon Templar, also known as The Saint, is tasked to find a man's kidnapped daughter. In addition to evading the authorities, Simon must face a dangerous adversary from his past.",English,"United States, Romania",N/A,https://m.media-amazon.com/images/M/MV5BMmZhMzJiZTctMTg3NS00NjU2LWI4MTAtYmUxYzhhMzQ5MTBmXkEyXkFqcGc@._V1_SX300.jpg,N/A,4.9,"7,024",tt2569088,movie,N/A,N/A,N/A,N/A,True,4.9/10,,,,,,
Ghost in the Shell,2017,PG-13,31 Mar 2017,107 min,"Action, Crime, Drama",Rupert Sanders,"Shirow Masamune, Jamie Moss, William Wheeler","Scarlett Johansson, Pilou Asb√¶k, Takeshi Kitano","In the near future, Major Mira Killian is the first of her kind: A human saved from a terrible crash, who is cyber-enhanced to be a perfect soldier devoted to stopping the world's most dangerous criminals.","English, Japanese","India, China, Hong Kong, Canada, United States",3 wins & 6 nominations total,https://m.media-amazon.com/images/M/MV5BNzBkNjdjZTctNjdhOS00NmIyLTlkNjQtY2EwNGMwYmZjNTIxXkEyXkFqcGc@._V1_SX300.jpg,52,6.3,"236,782",tt1219827,movie,N/A,"$40,563,557",N/A,N/A,True,6.3/10,43%,52/100,,,,
Happy Gilmore,1996,PG-13,16 Feb 1996,92 min,"Comedy, Sport",Dennis Dugan,"Tim Herlihy, Adam Sandler","Adam Sandler, Christopher McDonald, Julie Bowen","After his grandmother's house is repossessed by the IRS, a bad tempered hockey player takes his talents to golf to earn the big bucks and get his grandmothers house back.",English,United States,1 win & 4 nominations total,https://m.media-amazon.com/images/M/MV5BMzMyZTM1MTMtNDdjOS00NzIzLTkxY2QtZTU4OGYxOTUwNDMxXkEyXkFqcGc@._V1_SX300.jpg,31,7.0,"293,294",tt0116483,movie,N/A,"$39,041,354",N/A,N/A,True,7.0/10,65%,31/100,,,,
Across the Sea of Time,1995,G,20 Oct 1995,51 min,"Adventure, Drama, Family",Stephen Low,Andrew Gellis,"Peter Reznick, John McDonough, Avi Hoffman","A young Russian boy, Thomas Minton, travels to New York as a passenger on a Russian freighter. Close to Ellis Island he gets off and thus starts his journey to America the same way as all immigrants in former times. Thomas is sear...","English, Russian",United States,N/A,https://m.media-amazon.com/images/M/MV5BOTIwMzk1MDc1MF5BMl5BanBnXkFtZTcwMTEzNDkyMQ@@._V1_SX300.jpg,N/A,6.4,316,tt0112286,movie,N/A,"$16,015,639",N/A,N/A,True,6.4/10,,,,,,
Se7en,1995,R,22 Sep 1995,127 min,"Crime, Drama, Mystery",David Fincher,Andrew Kevin Walker,"Morgan Freeman, Brad Pitt, Kevin Spacey","Two detectives, a rookie and a veteran, hunt a serial killer who uses the seven deadly sins as his motives.",English,United States,Nominated for 1 Oscar. 29 wins & 44 nominations total,https://m.media-amazon.com/images/M/MV5BY2IzNzMxZjctZjUxZi00YzAxLTk3ZjMtODFjODdhMDU5NDM1XkEyXkFqcGc@._V1_SX300.jpg,65,8.6,"1,963,169",tt0114369,movie,N/A,"$101,040,643",N/A,N/A,True,8.6/10,84%,65/100,,,,
Apollo 13,1995,PG,30 Jun 1995,140 min,"Adventure, Drama, History",Ron Howard,"Jim Lovell, Jeffrey Kluger, William Broyles Jr.","Tom Hanks, Bill Paxton, Kevin Bacon",NASA must devise a strategy to return Apollo 13 to Earth safely after the spacecraft undergoes massive internal damage putting the lives of the three astronauts on board in jeopardy.,English,United States,Won 2 Oscars. 31 wins & 59 nominations total,https://m.media-amazon.com/images/M/MV5BMGZmNGY1OTAtNjFkYS00MjcyLWFlZjUtYzEyMDllZGZhMzM3XkEyXkFqcGc@._V1_SX300.jpg,78,7.7,"330,531",tt0112384,movie,N/A,"$174,692,658",N/A,N/A,True,7.7/10,94%,78/100,,,,
Casper,1995,PG,26 May 1995,100 min,"Comedy, Family, Fantasy",Brad Silberling,"Joseph Oriolo, Sherri Stoner, Deanna Oliver","Bill Pullman, Christina Ricci, Cathy Moriarty",An afterlife therapist and his daughter meet a friendly young ghost when they move into a crumbling mansion in order to rid the premises of wicked spirits.,English,United States,5 wins & 5 nominations total,https://m.media-amazon.com/images/M/MV5BZjYzZWZlYzYtZWZkYy00YjRkLWIxN2EtNjY1MGZmYmQxYTIxXkEyXkFqcGc@._V1_SX300.jpg,49,6.2,"156,802",tt0112642,movie,N/A,"$102,637,302",N/A,N/A,True,6.2/10,59%,49/100,,,,
Forrest Gump,1994,PG-13,06 Jul 1994,142 min,"Drama, Romance",Robert Zemeckis,"Winston Groom, Eric Roth","Tom Hanks, Robin Wright, Gary Sinise","The history of the United States from the 1950s to the '70s unfolds from the perspective of an Alabama man with an IQ of 75, who yearns to be reunited with his childhood sweetheart.",English,United States,Won 6 Oscars. 51 wins & 74 nominations total,https://m.media-amazon.com/images/M/MV5BNDYwNzVjMTItZmU5YS00YjQ5LTljYjgtMjY2NDVmYWMyNWFmXkEyXkFqcGc@._V1_SX300.jpg,82,8.8,"2,432,360",tt0109830,movie,N/A,"$330,455,270",N/A,N/A,True,8.8/10,75%,82/100,,,,
Dazed and Confused,1993,R,24 Sep 1993,103 min,Comedy,Richard Linklater,Richard Linklater,"Jason London, Wiley Wiggins, Matthew McConaughey",The adventures of high school and junior high students on the last day of school in May 1976.,English,United States,1 win & 4 nominations total,https://m.media-amazon.com/images/M/MV5BMTM5MDY5MDQyOV5BMl5BanBnXkFtZTgwMzM3NzMxMDE@._V1_SX300.jpg,82,7.6,"211,830",tt0106677,movie,N/A,"$8,249,404",N/A,N/A,True,7.6/10,94%,82/100,,,,
Jurassic Park,1993,PG-13,11 Jun 1993,127 min,"Action, Adventure, Sci-Fi",Steven Spielberg,"Michael Crichton, David Koepp","Sam Neill, Laura Dern, Jeff Goldblum","An industrialist invites some experts to visit his theme park of cloned dinosaurs. After a power failure, the creatures run loose, putting everyone's lives, including his grandchildren's, in danger.","English, Spanish",United States,Won 3 Oscars. 44 wins & 27 nominations total,https://m.media-amazon.com/images/M/MV5BMjM2MDgxMDg0Nl5BMl5BanBnXkFtZTgwNTM2OTM5NDE@._V1_SX300.jpg,68,8.2,"1,148,871",tt0107290,movie,N/A,"$407,185,075",N/A,N/A,True,8.2/10,91%,68/100,,,,
Groundhog Day,1993,PG,12 Feb 1993,101 min,"Comedy, Drama, Fantasy",Harold Ramis,"Danny Rubin, Harold Ramis","Bill Murray, Andie MacDowell, Chris Elliott","A narcissistic, self-centered weatherman finds himself in a time loop on Groundhog Day.","English, French, Italian",United States,Won 1 BAFTA Award7 wins & 17 nominations total,https://m.media-amazon.com/images/M/MV5BOWE3MjQ3ZDAtNDQ2MC00YjBjLTk0ZWYtNjQ0YzQ4YWE3YTEyXkEyXkFqcGc@._V1_SX300.jpg,72,8.0,"728,584",tt0107048,movie,N/A,"$71,107,962",N/A,N/A,True,8.0/10,94%,72/100,,,,
The Abyss,1989,PG-13,09 Aug 1989,140 min,"Adventure, Drama, Mystery",James Cameron,James Cameron,"Ed Harris, Mary Elizabeth Mastrantonio, Michael Biehn",A civilian diving team is enlisted to search for a lost nuclear submarine and faces danger while encountering an alien aquatic species.,English,United States,Won 1 Oscar. 9 wins & 16 nominations total,https://m.media-amazon.com/images/M/MV5BMGRkNzJlNjgtZmUwYS00Y2U3LTljZDctMTQxYWIxOWVjMzNjXkEyXkFqcGc@._V1_SX300.jpg,62,7.5,"205,697",tt0096754,movie,N/A,"$54,981,151",N/A,N/A,True,7.5/10,89%,62/100,,,,
Dive to the Abyss,2002,N/A,27 Oct 2002,N/A,"Documentary, Family",N/A,"David Malakoff, George Page","Michael deGruy, Alastair Fothergill, Kate Humble",N/A,N/A,N/A,N/A,https://m.media-amazon.com/images/M/MV5BYjFhOTk5ZjAtMjY4OS00MjY5LWFiMGQtMDM2YzJjMzA2MTQzXkEyXkFqcGdeQXVyODg3NDc1OTE@._V1_SX300.jpg,N/A,N/A,16,tt0907471,episode,,,,,True,,,,21,3,tt0907471,
,,,,,,,,,,,,,,,,,,,,,,,False,,,,,,,Incorrect IMDb ID.
Die Hard,1988,R,20 Jul 1988,132 min,"Action, Thriller",John McTiernan,"Roderick Thorp, Jeb Stuart, Steven E. de Souza","Bruce Willis, Alan Rickman, Bonnie Bedelia","A New York City cop, John McClane, tries to save his estranged wife and several others taken hostage by terrorists during a Christmas Eve party at the Nakatomi Plaza Skyscraper in Los Angeles, California.","English, German, Italian, Japanese",United States,Nominated for 4 Oscars. 8 wins & 8 nominations total,https://m.media-amazon.com/images/M/MV5BMGNlYmM1NmQtYWExMS00NmRjLTg5ZmEtMmYyYzJkMzljYWMxXkEyXkFqcGc@._V1_SX300.jpg,72,8.2,"1,003,024",tt0095016,movie,N/A,"$85,892,546",N/A,N/A,True,8.2/10,94%,72/100,,,,
Top Gun,1955,Approved,29 Jan 1956,73 min,Western,Ray Nazarro,"Steve Fisher, Richard Schayer","Sterling Hayden, William Bishop, Karin Booth","A gunslinger returns to his hometown to warn of an impending outlaw gang attack, but he's met with hatred and fear for his previous killings.",English,United States,N/A,https://m.media-amazon.com/images/M/MV5BN2FjNGYyMTctZjY2NC00YTRjLWE1ZTUtZTQ5ZWNhYmZiZjRkXkEyXkFqcGc@._V1_SX300.jpg,N/A,6.2,743,tt0048734,movie,N/A,N/A,N/A,N/A,True,6.2/10,,,,,,
Top Gun,1986,PG,16 May 1986,110 min,"Action, Drama",Tony Scott,"Jim Cash, Jack Epps Jr., Ehud Yonay","Tom Cruise, Tim Robbins, Kelly McGillis","The Top Gun Naval Fighter Weapons School is where the best of the best train to refine their elite flying skills. When hotshot fighter pilot Maverick is sent to the school, his reckless attitude and cocky demeanor put him at odds ...",English,United States,Won 1 Oscar. 11 wins & 9 nominations total,https://m.media-amazon.com/images/M/MV5BZmVjNzQ3MjYtYTZiNC00Y2YzLWExZTEtMTM2ZDllNDI0MzgyXkEyXkFqcGc@._V1_SX300.jpg,50,7.0,"538,178",tt0092099,movie,N/A,"$180,258,178",N/A,N/A,True,7.0/10,59%,50/100,,,,
Rad,1986,PG,28 Mar 1986,93 min,"Drama, Sport",Hal Needham,"Sam Bernard, Geoffrey Edwards","Bart Conner, Lori Loughlin, Bill Allen","The story of one young man, Cru Jones, who has the intensity and desire to win a BMX race called Helltrack.",English,United States,1 win & 1 nomination total,https://m.media-amazon.com/images/M/MV5BZmY2ZDQxNGUtNWZjNS00OGE2LTg0MWMtYzNiZGZhM2I0ZjM2XkEyXkFqcGc@._V1_SX300.jpg,24,6.7,"7,487",tt0091817,movie,N/A,"$2,015,882",N/A,N/A,True,6.7/10,42%,24/100,,,,
Back to the Future,1985,PG,03 Jul 1985,116 min,"Adventure, Comedy, Sci-Fi",Robert Zemeckis,"Robert Zemeckis, Bob Gale","Michael J. Fox, Christopher Lloyd, Lea Thompson","Marty McFly, a 17-year-old high school student, is accidentally sent 30 years into the past in a time-traveling DeLorean invented by his close friend, the maverick scientist Doc Brown.",English,United States,Won 1 Oscar. 27 wins & 25 nominations total,https://m.media-amazon.com/images/M/MV5BZmM3ZjE0NzctNjBiOC00MDZmLTgzMTUtNGVlOWFlOTNiZDJiXkEyXkFqcGc@._V1_SX300.jpg,87,8.5,"1,410,143",tt0088763,movie,N/A,"$214,553,307",N/A,N/A,True,8.5/10,93%,87/100,,,,
The Breakfast Club,1985,R,15 Feb 1985,97 min,"Comedy, Drama",John Hughes,John Hughes,"Emilio Estevez, Judd Nelson, Molly Ringwald",Five high school students meet in Saturday detention and discover how they have a great deal more in common than they thought.,English,United States,4 wins total,https://m.media-amazon.com/images/M/MV5BZTZiMGU1MWMtNjk0Yi00ZjNjLTljMDEtMDhkNGE2OWY3YzZiXkEyXkFqcGc@._V1_SX300.jpg,66,7.8,"464,520",tt0088847,movie,N/A,"$46,434,721",N/A,N/A,True,7.8/10,87%,66/100,,,,
Blood Simple,1984,R,18 Jan 1985,99 min,"Crime, Drama, Thriller","Joel Coen, Ethan Coen","Joel Coen, Ethan Coen","John Getz, Frances McDormand, Dan Hedaya","The owner of a seedy small-town Texas bar discovers that one of his employees is having an affair with his wife. A chaotic chain of misunderstandings, lies, and mischief ensues after he devises a plot to have them murdered.","English, Spanish",United States,5 wins & 7 nominations total,https://m.media-amazon.com/images/M/MV5BNTYxNWY5ODktYWRkOC00NDdkLWIwOGQtOWY5YWQ1N2Q3OWViXkEyXkFqcGc@._V1_SX300.jpg,84,7.5,"108,396",tt0086979,movie,N/A,"$3,851,855",N/A,N/A,True,7.5/10,94%,84/100,,,,
Ghostbusters,2016,PG-13,15 Jul 2016,117 min,"Action, Comedy, Fantasy",Paul Feig,"Katie Dippold, Paul Feig, Ivan Reitman","Melissa McCarthy, Kristen Wiig, Kate McKinnon","Following a ghost invasion of Manhattan, paranormal enthusiasts Erin Gilbert and Abby Yates, nuclear engineer Jillian Holtzmann, and subway worker Patty Tolan band together to stop the otherworldly threat.",English,"United States, Australia",5 wins & 24 nominations total,https://m.media-amazon.com/images/M/MV5BZjNhMzU5MjgtY2VhMC00NzZmLTk1YTEtMDc5OGU1OWJiMTE4XkEyXkFqcGc@._V1_SX300.jpg,60,6.8,"255,572",tt1289401,movie,N/A,"$128,350,574",N/A,N/A,True,6.8/10,74%,60/100,,,,
Ghostbusters,1984,PG,08 Jun 1984,105 min,"Action, Comedy, Fantasy",Ivan Reitman,"Dan Aykroyd, Harold Ramis","Bill Murray, Dan Aykroyd, Sigourney Weaver","Three parapsychologists forced out of their university funding set up shop as a unique ghost removal service in New York City, attracting frightened yet skeptical customers.",English,United States,Nominated for 2 Oscars. 9 wins & 9 nominations total,https://m.media-amazon.com/images/M/MV5BMGI0Yjg2ODAtNDYzNi00Njc2LTlkMmMtMmRmYWI5MDE4ZGRkXkEyXkFqcGc@._V1_SX300.jpg,71,7.8,"477,455",tt0087332,movie,N/A,"$243,640,120",N/A,N/A,True,7.8/10,95%,71/100,,,,
This Is Spinal Tap,1984,R,02 Mar 1984,82 min,"Comedy, Music",Rob Reiner,"Christopher Guest, Michael McKean, Harry Shearer","Rob Reiner, Michael McKean, Christopher Guest","Spinal Tap, one of England's loudest bands, is chronicled by film director Marty DiBergi on what proves to be a fateful tour.","English, Japanese",United States,3 wins & 2 nominations total,https://m.media-amazon.com/images/M/MV5BMTQ2MTIzMzg5Nl5BMl5BanBnXkFtZTgwOTc5NDI1MDE@._V1_SX300.jpg,92,7.9,"153,607",tt0088258,movie,N/A,"$5,805,939",N/A,N/A,True,7.9/10,98%,92/100,,,,
Blade Runner,1982,R,25 Jun 1982,117 min,"Action, Drama, Sci-Fi",Ridley Scott,"Hampton Fancher, David Webb Peoples, Philip K. Dick","Harrison Ford, Rutger Hauer, Sean Young",A blade runner must pursue and terminate four replicants who stole a ship in space and have returned to Earth to find their creator.,"English, German, Cantonese, Japanese, Hungarian, Arabic, Korean","United States, United Kingdom, Hong Kong",Nominated for 2 Oscars. 13 wins & 22 nominations total,https://m.media-amazon.com/images/M/MV5BOWQ4YTBmNTQtMDYxMC00NGFjLTkwOGQtNzdhNmY1Nzc1MzUxXkEyXkFqcGc@._V1_SX300.jpg,84,8.1,"868,708",tt0083658,movie,N/A,"$32,914,489",N/A,N/A,True,8.1/10,89%,84/100,,,,
,,,,,,,,,,,,,,,,,,,,,,,False,,,,,,,Incorrect IMDb ID.
,,,,,,,,,,,,,,,,,,,,,,,False,,,,,,,Incorrect IMDb ID.
Diva,2019,N/A,16 Mar 2019,10 min,"Short, Drama, Music",Maggie Levin,Maggie Levin,"Justin Baker, Nick Black, Verona Blue",A fledgling pop star finds herself chained to the machine of a world tour she can't stop.,English,United States,N/A,https://m.media-amazon.com/images/M/MV5BOTE3NjdlNDgtMDllYi00ODgyLTkxYjMtNTkyMDQ5NGRjZjdlXkEyXkFqcGdeQXVyMjUwNjg1OTA@._V1_SX300.jpg,N/A,N/A,N/A,tt8535812,movie,N/A,N/A,N/A,N/A,True,,,,,,,
Raiders of the Lost Ark,1981,PG,12 Jun 1981,115 min,"Action, Adventure",Steven Spielberg,"Lawrence Kasdan, George Lucas, Philip Kaufman","Harrison Ford, Karen Allen, Paul Freeman","In 1936, archaeologist Indiana Jones is tasked by Army Intelligence to help locate a legendary ancient power, the Ark of Covenant, before the Nazis get it first.","English, German, Spanish, Nepali, Hebrew, Arabic",United States,Won 4 Oscars. 41 wins & 24 nominations total,https://m.media-amazon.com/images/M/MV5BOGNhMjg2ZjgtYzk4Ni00MTViLTg1MmUtYzM2MDZiYjZlMmU3XkEyXkFqcGc@._V1_SX300.jpg,86,8.4,"1,089,167",tt0082971,movie,N/A,"$248,159,971",N/A,N/A,True,8.4/10,94%,86/100,,,,
Night of the Juggler,1980,R,07 Jun 1980,101 min,"Action, Crime, Drama","Robert Butler, Sidney J. Furie","William P. McGivern, William W. Norton, Rick Natkin","James Brolin, Cliff Gorman, Richard S. Castellano","A tough, New York City ex-cop relentlessly searches for his kidnapped teenage daughter whom is held by a twisted psycho after mistaking her for the daughter of a wealthy businessman.",English,United States,N/A,https://m.media-amazon.com/images/M/MV5BZTY5NTBjZmQtZGZmZS00ZGZlLTg4YjAtMzFmNTdhNTk2NzVlXkEyXkFqcGc@._V1_SX300.jpg,N/A,6.6,"1,223",tt0081230,movie,N/A,N/A,N/A,N/A,True,6.6/10,94%,,,,,
,,,,,,,,,,,,,,,,,,,,,,,False,,,,,,,Incorrect IMDb ID.
Alien,1979,R,22 Jun 1979,117 min,"Horror, Sci-Fi",Ridley Scott,"Dan O'Bannon, Ronald Shusett","Sigourney Weaver, Tom Skerritt, John Hurt","After investigating a mysterious transmission of unknown origin, the crew of a commercial spacecraft encounters a deadly lifeform.",English,"United Kingdom, United States",Won 1 Oscar. 19 wins & 22 nominations total,https://m.media-amazon.com/images/M/MV5BN2NhMDk2MmEtZDQzOC00MmY5LThhYzAtMDdjZGFjOGZjMjdjXkEyXkFqcGc@._V1_SX300.jpg,89,8.5,"1,038,309",tt0078748,movie,N/A,"$84,206,106",N/A,N/A,True,8.5/10,93%,89/100,,,,
Grease,1978,PG,16 Jun 1978,110 min,"Comedy, Musical, Romance",Randal Kleiser,"Jim Jacobs, Warren Casey, Bronte Woodard","John Travolta, Olivia Newton-John, Stockard Channing","Good girl Sandy Olsson and greaser Danny Zuko fell in love over the summer. When they unexpectedly discover they're now in the same high school, will they be able to rekindle their romance?",English,United States,Nominated for 1 Oscar. 8 wins & 10 nominations total,https://m.media-amazon.com/images/M/MV5BNGY0NzE0ZTctN2YzNC00M2IwLWI0OWYtMTAwZWU2NjZhMTQwXkEyXkFqcGc@._V1_SX300.jpg,70,7.2,"319,258",tt0077631,movie,N/A,"$190,071,103",N/A,N/A,True,7.2/10,65%,70/100,,,,
Killer of Sheep,1978,Not Rated,14 Nov 1978,80 min,Drama,Charles Burnett,Charles Burnett,"Henry G. Sanders, Kaycee Moore, Charles Bracy","Set in the Watts area of Los Angeles, a slaughterhouse worker must suspend his emotions to continue working at a job he finds repugnant, and then he finds he has little sensitivity for the family he works so hard to support.",English,United States,4 wins & 3 nominations total,https://m.media-amazon.com/images/M/MV5BMWNmMjgwMzQtYWRkYS00YzA3LTkwNTgtMmY4MjMyZDAxNDk2XkEyXkFqcGc@._V1_SX300.jpg,96,7.2,"8,056",tt0076263,movie,N/A,"$487,047",N/A,N/A,True,7.2/10,98%,96/100,,,,
Jaws,1978,N/A,N/A,3 min,"Short, Comedy",Larry Fessenden,N/A,N/A,N/A,N/A,United States,N/A,N/A,N/A,7.9,122,tt0273693,movie,N/A,N/A,N/A,N/A,True,7.9/10,,,,,,
,,,,,,,,,,,,,,,,,,,,,,,False,,,,,,,Incorrect IMDb ID.
Jaws,1975,PG,20 Jun 1975,124 min,"Adventure, Horror, Thriller",Steven Spielberg,"Peter Benchley, Carl Gottlieb","Roy Scheider, Robert Shaw, Richard Dreyfuss","When a massive killer shark unleashes chaos on a beach community off Long Island, it's up to the local police chief, a marine biologist, and an old seafarer to hunt the beast down.",English,United States,Won 3 Oscars. 16 wins & 20 nominations total,https://m.media-amazon.com/images/M/MV5BYjViNDQzNmUtYzkxZi00NTk5LTljMmItYjJlZmZkODIxNjU1XkEyXkFqcGc@._V1_SX300.jpg,87,8.1,"719,617",tt0073195,movie,N/A,"$280,083,300",N/A,N/A,True,8.1/10,97%,87/100,,,,
The Exorcist,1973,R,26 Dec 1973,122 min,Horror,William Friedkin,William Peter Blatty,"Ellen Burstyn, Max von Sydow, Linda Blair","When a mysterious entity possesses a young girl, her mother seeks the help of two Catholic priests to save her life.","English, Latin, Greek, French, German, Arabic, Kurdish",United States,Won 2 Oscars. 18 wins & 21 nominations total,https://m.media-amazon.com/images/M/MV5BZjg3YjE4ZjAtYTdmYS00ZTBkLWE1ZjgtNzAzODUwNzRiYjlmXkEyXkFqcGc@._V1_SX300.jpg,83,8.1,"486,836",tt0070047,movie,N/A,"$233,005,644",N/A,N/A,True,8.1/10,78%,83/100,,,,
The Sound of Music,1994,N/A,08 Jul 1994,11 min,"Animation, Short",Phil Mulloy,N/A,N/A,Engages with the deep-rooted sexual and class-based politics of a seemingly arbitrary and violent culture.,English,United Kingdom,2 wins,https://m.media-amazon.com/images/M/MV5BMTMyNTYyNzkzMl5BMl5BanBnXkFtZTcwNzUwNzMzMQ@@._V1_SX300.jpg,N/A,6.6,103,tt0360005,movie,N/A,N/A,N/A,N/A,True,6.6/10,,,,,,
The Sound of Music,1965,G,01 Apr 1965,174 min,"Biography, Drama, Family",Robert Wise,"Georg Hurdalek, Howard Lindsay, Russel Crouse","Julie Andrews, Christopher Plummer, Eleanor Parker",A young novice is sent by her convent in 1930s Austria to become a governess to the seven children of a widowed naval officer.,"English, German",United States,Won 5 Oscars. 19 wins & 13 nominations total,https://m.media-amazon.com/images/M/MV5BYWJhYmU4MjQtZDJhYi00ZGVjLTlkNTEtNzkzNGVjOWQ3MjcwXkEyXkFqcGc@._V1_SX300.jpg,63,8.1,"283,446",tt0059742,movie,N/A,"$160,888,776",N/A,N/A,True,8.1/10,83%,63/100,,,,
A Hard Day's Night,1964,G,07 Jul 1964,87 min,"Comedy, Musical",Richard Lester,Alun Owen,"John Lennon, Paul McCartney, George Harrison","Over two ""typical"" days in the life of The Beatles, the boys struggle to keep themselves and Paul McCartney's mischievous grandfather in check while preparing for a live TV performance.","English, German, French","United Kingdom, United States",Nominated for 2 Oscars. 2 wins & 7 nominations total,https://m.media-amazon.com/images/M/MV5BNWY3OGNkM2QtYWZjMi00NTVhLTkzZWQtZTcyMGNhNjczNWVmXkEyXkFqcGc@._V1_SX300.jpg,96,7.5,"50,043",tt0058182,movie,N/A,"$1,480,356",N/A,N/A,True,7.5/10,98%,96/100,,,,
Lawrence of Arabia,1962,PG,02 Apr 2013,227 min,"Adventure, Biography, Drama",David Lean,"Robert Bolt, Michael Wilson","Peter O'Toole, Alec Guinness, Anthony Quinn","The story of T.E. Lawrence, the English officer who successfully united and led the diverse, often warring, Arab tribes during World War I in order to fight the Turks.","English, Arabic, Turkish","United Kingdom, United States",Won 7 Oscars. 31 wins & 14 nominations total,https://m.media-amazon.com/images/M/MV5BYjY0YTQ1OTAtYjEyNy00NTQ4LThlMTQtM2QwYTVhYWFhNjU5XkEyXkFqcGc@._V1_SX300.jpg,100,8.3,"334,419",tt0056172,movie,N/A,"$45,306,425",N/A,N/A,True,8.3/10,93%,100/100,,,,
On the Bowery,1956,Not Rated,19 Jul 1962,65 min,"Documentary, Drama",Lionel Rogosin,"Richard Bagley, Lionel Rogosin, Mark Sufrin","Ray Salyer, Gorman Hendricks, Frank Matthews","By focusing on the lives of three down-and-out alcoholic transients, the film creates a wrenching portrait of the tragic hopelessness of life on ""The Bowery"" in New York City.",English,United States,Nominated for 1 Oscar. 3 wins & 1 nomination total,https://m.media-amazon.com/images/M/MV5BNTI0NTUyODE5OF5BMl5BanBnXkFtZTcwNjk0MzUyNw@@._V1_SX300.jpg,N/A,7.4,"1,264",tt0050800,movie,N/A,"$41,802",N/A,N/A,True,7.4/10,92%,,,,,
Little Fugitive,2006,N/A,27 May 2006,89 min,Drama,Joanna Lipper,"Joanna Lipper, Morris Engel, Ruth Orkin","David Castro, Nicolas Salgado, Raquel Castro","Set in present-day Brooklyn, this film is a remake of the 1953 classic ""Little Fugitive."" With his father in jail and his mother working long hours at a nursing home, Lenny, 11, is burdened with the responsibility of looking after...",English,United States,1 win,https://m.media-amazon.com/images/M/MV5BMjA4MjAxNTA3NV5BMl5BanBnXkFtZTcwNjg0NjI5MQ@@._V1_SX300.jpg,N/A,5.5,214,tt0418835,movie,N/A,N/A,N/A,N/A,True,5.5/10,,,,,,
Little Fugitive,1953,Not Rated,16 Dec 1953,75 min,"Drama, Family","Ray Ashley, Morris Engel, Ruth Orkin","Ray Ashley, Morris Engel, Ruth Orkin","Richard Brewster, Winifred Cushing, Jay Williams","A young boy fears that he shot his older brother, who is only faking. He then runs away to Coney Island, a crowded beach area, and gets money by returning soda bottles for their deposits.",English,United States,Nominated for 1 Oscar. 4 wins & 3 nominations total,https://m.media-amazon.com/images/M/MV5BNjk0ZDdjYzEtOWNjYS00ZmE3LWJiZDktYWVkM2I0MzU1MzAzXkEyXkFqcGc@._V1_SX300.jpg,91,7.5,"3,076",tt0046004,movie,N/A,"$29,505",N/A,N/A,True,7.5/10,93%,91/100,,,,
Monsieur Verdoux,1947,Approved,23 Oct 1947,124 min,"Comedy, Crime, Drama",Charles Chaplin,"Charles Chaplin, Orson Welles, Max Morise","Charles Chaplin, Mady Correll, Allison Roddan","A suave but cynical man supports his family by marrying and murdering rich women for their money, but the job has some occupational hazards.","English, French, Latin",United States,Nominated for 1 Oscar. 5 wins & 1 nomination total,https://m.media-amazon.com/images/M/MV5BYzI2MGY4YmQtYTRjZS00MGQ4LWIzNTMtYjUyM2YyZTA4OWVlXkEyXkFqcGc@._V1_SX300.jpg,N/A,7.8,"19,567",tt0039631,movie,N/A,"$64,636",N/A,N/A,True,7.8/10,97%,,,,,
The Wizard of Oz,1991,Unrated,01 Jan 1991,25 min,"Animation, Short, Family, Fantasy",N/A,"L. Frank Baum (book), Roger Scott Olsen (screenplay)",Candi Milo,"L.Frank Baum's classic. Dorothy and her dog, Toto, are whisked away from their home in Kansas and find themselves in the magical land of Oz. While on her journey to find the Wizard, hoping ...",N/A,"USA, South Korea",N/A,https://m.media-amazon.com/images/M/MV5BMTczOTIxMTUwN15BMl5BanBnXkFtZTcwNTAwNTUxMQ@@._V1_SX300.jpg,N/A,6.4,46,tt0103277,movie,N/A,N/A,N/A,N/A,True,6.4/10,,,,,,
The Wizard of Oz,1933,N/A,19 Jun 1933,9 min,"Animation, Short, Comedy",Ted Eshbaugh,"Frank Joslyn Baum, L. Frank Baum",N/A,"Dorothy is swept in a twister from her boring Kansas farm to the wonderful land of Oz, where she makes some friends and is welcomed in the Emerald City.",English,"United States, Canada",N/A,https://m.media-amazon.com/images/M/MV5BNWZhNTQ2YzItZTI1Ny00ZDk4LWFkMmYtYjE2NmYzMGVhMmVkXkEyXkFqcGdeQXVyMzE0MjY5ODA@._V1_SX300.jpg,N/A,5.8,390,tt0024779,movie,N/A,N/A,N/A,N/A,True,5.8/10,,,,,,
The Wizard of Oz,1991,N/A,12 Oct 1991,24 min,"Animation, Short, Adventure",N/A,"L. Frank Baum, Barbara Oliver","Norma MacMillan, Lee Tockar, Christine Lippa","This whaked out anime short pulls out all the stops, making fun of every aspect of the story and filmmaking in general. Britain Dunham speaks like Arnold Schwarzenegger as ""The Tinmanator"" in this adaptation of the L. Frank Baum c...",English,"Japan, United States",N/A,https://m.media-amazon.com/images/M/MV5BNDAxMjVhYjYtZTkwNC00N2UxLTk1ZGQtY2NkNjA1YzYzMmMyXkEyXkFqcGc@._V1_SX300.jpg,N/A,5.2,32,tt0103276,movie,N/A,N/A,N/A,N/A,True,5.2/10,,,,,,
The Wizard of Oz,1925,TV-G,27 Jan 1925,95 min,"Comedy, Family, Fantasy",Larry Semon,"L. Frank Baum, Frank Joslyn Baum, Leon Lee","Dorothy Dwan, Charles Murray, Oliver Hardy","Dorothy, heir to the Oz throne, must take it back from the wicked Prime Minister Kruel with the help of three farmhands.",English,United States,1 win total,https://m.media-amazon.com/images/M/MV5BYmRiYzNiZjYtYTlkZS00NWE1LTliMGItMDYwMWQzMDJmMmVkXkEyXkFqcGc@._V1_SX300.jpg,N/A,4.9,"1,902",tt0016544,movie,N/A,N/A,N/A,N/A,True,4.9/10,,,,,,
The Wizard of Oz,2023,N/A,29 Jun 2023,51 min,Horror,Wigwolf,"L. Frank Baum, Wigwolf","Mixy Six, Aaron Moynihan, Arly Edam Canales","Get ready for a surreal adventure of a lifetime with The Wizard of Oz. Join the one and only Arly Canales as Dorothy, as she sets out on a quest of self-discovery and redemption in this spectacularly surreal Catholic adventure in ...",English,United States,N/A,https://m.media-amazon.com/images/M/MV5BNzU1YWJiNGEtYjI2MC00MzQ4LThjN2MtMjk1OTY1MTVmZTYxXkEyXkFqcGc@._V1_SX300.jpg,N/A,8.5,148,tt21329902,movie,N/A,N/A,N/A,N/A,True,8.5/10,,,,,,
The Wizard of Oz,1939,G,25 Aug 1939,102 min,"Adventure, Family, Fantasy","Victor Fleming, George Cukor, Norman Taurog","Noel Langley, Florence Ryerson, Edgar Allan Woolf","Judy Garland, Frank Morgan, Ray Bolger","Young Dorothy Gale and her dog Toto are swept away by a tornado from their Kansas farm to the magical Land of Oz and embark on a quest with three new friends to see the Wizard, who can return her to her home and fulfill the others...",English,United States,Won 2 Oscars. 16 wins & 14 nominations total,https://m.media-amazon.com/images/M/MV5BYWRmY2I0MGItYTQ0OC00NWZmLWIwMDktYjJlNDc0MzVhMmViXkEyXkFqcGc@._V1_SX300.jpg,92,8.1,"453,906",tt0032138,movie,N/A,"$24,668,669",N/A,N/A,True,8.1/10,98%,92/100,,,,
,,,,,,,,,,,,,,,,,,,,,,,False,,,,,,,Incorrect IMDb ID.
Modern Times,1936,G,25 Feb 1936,87 min,"Comedy, Drama, Romance",Charles Chaplin,Charles Chaplin,"Charles Chaplin, Paulette Goddard, Henry Bergman",The Tramp struggles to live in modern industrial society with the help of a young homeless woman.,English,United States,6 wins & 1 nomination total,https://m.media-amazon.com/images/M/MV5BODVkZGFhNGQtYjdiYi00Njc4LWFmYTItNTlmNzJjMTg1ZDc5XkEyXkFqcGc@._V1_SX300.jpg,96,8.5,"276,967",tt0027977,movie,N/A,"$163,577",N/A,N/A,True,8.5/10,98%,96/100,,,,
,,,,,,,,,,,,,,,,,,,,,,,False,,,,,,,Incorrect IMDb ID.
,,,,,,,,,,,,,,,,,,,,,,,False,,,,,,,Incorrect IMDb ID.
